res_type,atom_name,force_field_type,location,partial_charge
ALA,N,N_R,back,-0.47000
ALA,HN,H___A,back,0.31000
ALA,CA,C_3,back,0.07000
ALA,HCA,H_,back,0.09000
ALA,C,C_R,back,0.51000
ALA,O,O_2,back,-0.51000
ALA,CB,C_3,side,-0.27000
ALA,HCB,H_,side,0.09000
ALA,HCB,H_,side,0.09000
ALA,HCB,H_,side,0.09000
ARG,N,N_R,back,-0.47000
ARG,HN,H___A,back,0.31000
ARG,CA,C_3,back,0.07000
ARG,HCA,H_,back,0.09000
ARG,C,C_R,back,0.51000
ARG,O,O_2,back,-0.51000
ARG,CB,C_3,side,-0.23556
ARG,HCB,H_,side,0.03444
ARG,HCB,H_,side,0.03444
ARG,CG,C_3,side,-0.23556
ARG,HCG,H_,side,0.03444
ARG,HCG,H_,side,0.03444
ARG,CD,C_3,side,0.14444
ARG,HCD,H_,side,0.03444
ARG,HCD,H_,side,0.03444
ARG,NE,N_R,side,-0.75556
ARG,HNE,H___A,side,0.38444
ARG,CZ,C_R,side,0.58444
ARG,NH1,N_R,side,-0.85556
ARG,HNH1,H___A,side,0.40444
ARG,HNH1,H___A,side,0.40444
ARG,NH2,N_R,side,-0.85556
ARG,HNH2,H___A,side,0.40444
ARG,HNH2,H___A,side,0.40444
ARN,N,N_R,back,-0.47000
ARN,HN,H___A,back,0.31000
ARN,CA,C_3,back,0.07000
ARN,HCA,H_,back,0.09000
ARN,C,C_R,back,0.51000
ARN,O,O_2,back,-0.51000
ARN,CB,C_3,side,-0.18000
ARN,HCB,H_,side,0.09000
ARN,HCB,H_,side,0.09000
ARN,CG,C_3,side,-0.18000
ARN,HCG,H_,side,0.09000
ARN,HCG,H_,side,0.09000
ARN,CD,C_3,side,-0.13000
ARN,HCD,H_,side,0.09000
ARN,HCD,H_,side,0.09000
ARN,NE,N_RP,side,-0.81000
ARN,HNE,H___A,side,0.44000
ARN,CZ,C_R,side,0.82000
ARN,NH1,N_RP,side,-0.91000
ARN,HNH1,H___A,side,0.44000
ARN,HNH1,H___A,side,0.44000
ARN,NH2,N_RP,side,-0.91000
ARN,HNH2,H___A,side,0.44000
ASN,N,N_R,back,-0.47000
ASN,HN,H___A,back,0.31000
ASN,CA,C_3,back,0.07000
ASN,HCA,H_,back,0.09000
ASN,C,C_R,back,0.51000
ASN,O,O_2,back,-0.51000
ASN,CB,C_3,side,-0.18000
ASN,HCB,H_,side,0.09000
ASN,HCB,H_,side,0.09000
ASN,CG,C_R,side,0.55000
ASN,OD1,O_2,side,-0.55000
ASN,ND2,N_R,side,-0.62000
ASN,HND2,H___A,side,0.31000
ASN,HND2,H___A,side,0.31000
ASP,N,N_R,back,-0.47000
ASP,HN,H___A,back,0.31000
ASP,CA,C_3,back,0.07000
ASP,HCA,H_,back,0.09000
ASP,C,C_R,back,0.51000
ASP,O,O_2,back,-0.51000
ASP,CB,C_3,side,-0.11333
ASP,HCB,H_,side,0.25667
ASP,HCB,H_,side,0.25667
ASP,CG,C_R,side,0.78667
ASP,OD1,O_2,side,-0.59333
ASP,OD2,O_2,side,-0.59333
APP,N,N_R,back,-0.47000
APP,HN,H___A,back,0.31000
APP,CA,C_3,back,0.07000
APP,HCA,H_,back,0.09000
APP,C,C_R,back,0.51000
APP,O,O_2,back,-0.51000
APP,CB,C_3,side,-0.21000
APP,HCB,H_,side,0.09000
APP,HCB,H_,side,0.09000
APP,CG,C_R,side,0.75000
APP,OD1,O_3M,side,-0.61000
APP,OD2,O_2M,side,-0.55000
APP,HOD2,H___A,side,0.44000
CYS,N,N_R,back,-0.47000
CYS,HN,H___A,back,0.31000
CYS,CA,C_3,back,0.07000
CYS,HCA,H_,back,0.09000
CYS,C,C_R,back,0.51000
CYS,O,O_2,back,-0.51000
CYS,CB,C_3,side,-0.11000
CYS,HCB,H_,side,0.09000
CYS,HCB,H_,side,0.09000
CYS,SG,S_3,side,-0.23000
CYS,HSG,H___A,side,0.16000
CYX,N,N_R,back,-0.47000
CYX,HN,H___A,back,0.31000
CYX,CA,C_3,back,0.07000
CYX,HCA,H_,back,0.09000
CYX,C,C_R,back,0.51000
CYX,O,O_2,back,-0.51000
CYX,CB,C_3,side,-0.10000
CYX,HCB,H_,side,0.09000
CYX,HCB,H_,side,0.09000
CYX,SG,S_3,side,-0.08000
GLN,N,N_R,back,-0.47000
GLN,HN,H___A,back,0.31000
GLN,CA,C_3,back,0.07000
GLN,HCA,H_,back,0.09000
GLN,C,C_2,back,0.51000
GLN,O,O_2,back,-0.51000
GLN,CB,C_3,side,-0.18000
GLN,HCB,H_,side,0.09000
GLN,HCB,H_,side,0.09000
GLN,CG,C_3,side,-0.18000
GLN,HCG,H_,side,0.09000
GLN,HCG,H_,side,0.09000
GLN,CD,C_R,side,0.55000
GLN,OE1,O_2,side,-0.55000
GLN,NE2,N_R,side,-0.62000
GLN,HNE2,H___A,side,0.31000
GLN,HNE2,H___A,side,0.31000
GLU,N,N_R,back,-0.47000
GLU,HN,H___A,back,0.31000
GLU,CA,C_3,back,0.07000
GLU,HCA,H_,back,0.09000
GLU,C,C_R,back,0.51000
GLU,O,O_2,back,-0.51000
GLU,CB,C_3,side,-0.06889
GLU,HCB,H_,side,0.20111
GLU,HCB,H_,side,0.20111
GLU,CG,C_3,side,-0.16889
GLU,HCG,H_,side,0.20111
GLU,HCG,H_,side,0.20111
GLU,CD,C_R,side,0.73111
GLU,OE1,O_2,side,-0.64889
GLU,OE2,O_2,side,-0.64889
GLP,N,N_R,back,-0.47000
GLP,HN,H___A,back,0.31000
GLP,CA,C_3,back,0.07000
GLP,HCA,H_,back,0.09000
GLP,C,C_R,back,0.51000
GLP,O,O_2,back,-0.51000
GLP,CB,C_3,side,-0.18000
GLP,HCB,H_,side,0.09000
GLP,HCB,H_,side,0.09000
GLP,CG,C_3,side,-0.21000
GLP,HCG,H_,side,0.09000
GLP,HCG,H_,side,0.09000
GLP,CD,C_R,side,0.75000
GLP,OE1,O_3M,side,-0.61000
GLP,OE2,O_2M,side,-0.55000
GLP,HOE2,H___A,side,0.44000
GLY,N,N_R,back,-0.47000
GLY,HN,H___A,back,0.31000
GLY,CA,C_3,back,-0.02000
GLY,HCA,H_,back,0.09000
GLY,HCA,H_,back,0.09000
GLY,C,C_R,back,0.51000
GLY,O,O_2,back,-0.51000
HIS,N,N_R,back,-0.47000
HIS,HN,H___A,back,0.31000
HIS,CA,C_3,back,0.07000
HIS,HCA,H_,back,0.09000
HIS,C,C_R,back,0.51000
HIS,O,O_2,back,-0.51000
HIS,CB,C_3,side,-0.09000
HIS,HCB,H_,side,0.09000
HIS,HCB,H_,side,0.09000
HIS,CG,C_R,side,-0.05000
HIS,ND1,N_R,side,-0.36000
HIS,HND1,H___A,side,0.32000
HIS,CD2,C_R,side,0.22000
HIS,HCD2,H_,side,0.10000
HIS,CE1,C_R,side,0.25000
HIS,HCE1,H_,side,0.13000
HIS,NE2,N_R,side,-0.70000
HSD,N,N_R,back,-0.47000
HSD,HN,H___A,back,0.31000
HSD,CA,C_3,back,0.07000
HSD,HCA,H_,back,0.09000
HSD,C,C_R,back,0.51000
HSD,O,O_2,back,-0.51000
HSD,CB,C_3,side,-0.09000
HSD,HCB,H_,side,0.09000
HSD,HCB,H_,side,0.09000
HSD,CG,C_R,side,-0.05000
HSD,ND1,N_R,side,-0.36000
HSD,HND1,H___A,side,0.32000
HSD,CD2,C_R,side,0.22000
HSD,HCD2,H_,side,0.10000
HSD,CE1,C_R,side,0.25000
HSD,HCE1,H_,side,0.13000
HSD,NE2,N_R,side,-0.70000
HSE,N,N_R,back,-0.47000
HSE,HN,H___A,back,0.31000
HSE,CA,C_3,back,0.07000
HSE,HCA,H_,back,0.09000
HSE,C,C_R,back,0.51000
HSE,O,O_2,back,-0.51000
HSE,CB,C_3,side,-0.08000
HSE,HCB,H_,side,0.09000
HSE,HCB,H_,side,0.09000
HSE,CG,C_R,side,0.22000
HSE,ND1,N_R,side,-0.70000
HSE,CD2,C_R,side,-0.05000
HSE,HCD2,H_,side,0.09000
HSE,CE1,C_R,side,0.25000
HSE,HCE1,H_,side,0.13000
HSE,NE2,N_R,side,-0.36000
HSE,HNE2,H___A,side,0.32000
HSP,N,N_R,back,-0.47000
HSP,HN,H___A,back,0.31000
HSP,CA,C_3,back,0.07000
HSP,HCA,H_,back,0.09000
HSP,C,C_R,back,0.51000
HSP,O,O_2,back,-0.51000
HSP,CB,C_3,side,-0.13333
HSP,HCB,H_,side,0.00667
HSP,HCB,H_,side,0.00667
HSP,CG,C_R,side,0.10667
HSP,ND1,N_R,side,-0.59333
HSP,HND1,H___A,side,0.35667
HSP,CD2,C_R,side,0.10667
HSP,HCD2,H_,side,0.04667
HSP,CE1,C_R,side,0.23667
HSP,HCE1,H_,side,0.09667
HSP,NE2,N_R,side,-0.59333
HSP,HNE2,H___A,side,0.35667
ILE,N,N_R,back,-0.47000
ILE,HN,H___A,back,0.31000
ILE,CA,C_3,back,0.07000
ILE,HCA,H_,back,0.09000
ILE,C,C_R,back,0.51000
ILE,O,O_2,back,-0.51000
ILE,CB,C_3,side,-0.09000
ILE,HCB,H_,side,0.09000
ILE,CG1,C_3,side,-0.18000
ILE,HCG1,H_,side,0.09000
ILE,HCG1,H_,side,0.09000
ILE,CG2,C_3,side,-0.27000
ILE,HCG2,H_,side,0.09000
ILE,HCG2,H_,side,0.09000
ILE,HCG2,H_,side,0.09000
ILE,CD1,C_3,side,-0.27000
ILE,HCD1,H_,side,0.09000
ILE,HCD1,H_,side,0.09000
ILE,HCD1,H_,side,0.09000
LEU,N,N_R,back,-0.47000
LEU,HN,H___A,back,0.31000
LEU,CA,C_3,back,0.07000
LEU,HCA,H_,back,0.09000
LEU,C,C_R,back,0.51000
LEU,O,O_2,back,-0.51000
LEU,CB,C_3,side,-0.18000
LEU,HCB,H_,side,0.09000
LEU,HCB,H_,side,0.09000
LEU,CG,C_3,side,-0.09000
LEU,HCG,H_,side,0.09000
LEU,CD1,C_3,side,-0.27000
LEU,HCD1,H_,side,0.09000
LEU,HCD1,H_,side,0.09000
LEU,HCD1,H_,side,0.09000
LEU,CD2,C_3,side,-0.27000
LEU,HCD2,H_,side,0.09000
LEU,HCD2,H_,side,0.09000
LEU,HCD2,H_,side,0.09000
LYS,N,N_R,back,-0.47000
LYS,HN,H___A,back,0.31000
LYS,CA,C_3,back,0.07000
LYS,HCA,H_,back,0.09000
LYS,C,C_R,back,0.51000
LYS,O,O_2,back,-0.51000
LYS,CB,C_3,side,-0.24250
LYS,HCB,H_,side,0.02750
LYS,HCB,H_,side,0.02750
LYS,CG,C_3,side,-0.24250
LYS,HCG,H_,side,0.02750
LYS,HCG,H_,side,0.02750
LYS,CD,C_3,side,-0.24250
LYS,HCD,H_,side,0.02750
LYS,HCD,H_,side,0.02750
LYS,CE,C_3,side,0.14750
LYS,HCE,H_,side,-0.01250
LYS,HCE,H_,side,-0.01250
LYS,NZ,N_3,side,-0.36250
LYS,HNZ,H___A,side,0.26750
LYS,HNZ,H___A,side,0.26750
LYS,HNZ,H___A,side,0.26750
LYN,N,N_R,back,-0.47000
LYN,HN,H___A,back,0.31000
LYN,CA,C_3,back,0.07000
LYN,HCA,H_,back,0.09000
LYN,C,C_R,back,0.51000
LYN,O,O_2,back,-0.51000
LYN,CB,C_3,side,-0.18000
LYN,HCB,H_,side,0.09000
LYN,HCB,H_,side,0.09000
LYN,CG,C_3,side,-0.18000
LYN,HCG,H_,side,0.09000
LYN,HCG,H_,side,0.09000
LYN,CD,C_3,side,-0.18000
LYN,HCD,H_,side,0.09000
LYN,HCD,H_,side,0.09000
LYN,CE,C_3,side,0.18000
LYN,HCE,H_,side,0.05000
LYN,HCE,H_,side,0.05000
LYN,NZ,N_3P,side,-0.96000
LYN,HNZ,H___A,side,0.34000
LYN,HNZ,H___A,side,0.34000
MET,N,N_R,back,-0.47000
MET,HN,H___A,back,0.31000
MET,CA,C_3,back,0.07000
MET,HCA,H_,back,0.09000
MET,C,C_R,back,0.51000
MET,O,O_2,back,-0.51000
MET,CB,C_3,side,-0.18000
MET,HCB,H_,side,0.09000
MET,HCB,H_,side,0.09000
MET,CG,C_3,side,-0.14000
MET,HCG,H_,side,0.09000
MET,HCG,H_,side,0.09000
MET,SD,S_3,side,-0.09000
MET,CE,C_3,side,-0.22000
MET,HCE,H_,side,0.09000
MET,HCE,H_,side,0.09000
MET,HCE,H_,side,0.09000
PHE,N,N_R,back,-0.47000
PHE,HN,H___A,back,0.31000
PHE,CA,C_3,back,0.07000
PHE,HCA,H_,back,0.09000
PHE,C,C_R,back,0.51000
PHE,O,O_2,back,-0.51000
PHE,CB,C_3,side,-0.18000
PHE,HCB,H_,side,0.09000
PHE,HCB,H_,side,0.09000
PHE,CG,C_R,side,0.00000
PHE,CD1,C_R,side,-0.11500
PHE,HCD1,H_,side,0.11500
PHE,CD2,C_R,side,-0.11500
PHE,HCD2,H_,side,0.11500
PHE,CE1,C_R,side,-0.11500
PHE,HCE1,H_,side,0.11500
PHE,CE2,C_R,side,-0.11500
PHE,HCE2,H_,side,0.11500
PHE,CZ,C_R,side,-0.11500
PHE,HCZ,H_,side,0.11500
PRO,N,N_R,back,-0.29000
PRO,CA,C_3,back,0.02000
PRO,HCA,H_,back,0.09000
PRO,C,C_2,back,0.51000
PRO,O,O_2,back,-0.51000
PRO,CB,C_3,back,-0.18000
PRO,HCB,H_,back,0.09000
PRO,HCB,H_,back,0.09000
PRO,CG,C_3,back,-0.18000
PRO,HCG,H_,back,0.09000
PRO,HCG,H_,back,0.09000
PRO,CD,C_3,back,0.00000
PRO,HCD,H_,back,0.09000
PRO,HCD,H_,back,0.09000
SER,N,N_R,back,-0.47000
SER,HN,H___A,back,0.31000
SER,CA,C_3,back,0.07000
SER,HCA,H_,back,0.09000
SER,C,C_R,back,0.51000
SER,O,O_2,back,-0.51000
SER,CB,C_3,side,0.05000
SER,HCB,H_,side,0.09000
SER,HCB,H_,side,0.09000
SER,OG,O_3,side,-0.66000
SER,HOG,H___A,side,0.43000
THR,N,N_R,back,-0.47000
THR,HN,H___A,back,0.31000
THR,CA,C_3,back,0.07000
THR,HCA,H_,back,0.09000
THR,C,C_R,back,0.51000
THR,O,O_2,back,-0.51000
THR,CB,C_3,side,0.14000
THR,HCB,H_,side,0.09000
THR,OG1,O_3,side,-0.66000
THR,HOG1,H___A,side,0.43000
THR,CG2,C_3,side,-0.27000
THR,HCG2,H_,side,0.09000
THR,HCG2,H_,side,0.09000
THR,HCG2,H_,side,0.09000
TRP,N,N_R,back,-0.47000
TRP,HN,H___A,back,0.31000
TRP,CA,C_3,back,0.07000
TRP,HCA,H_,back,0.09000
TRP,C,C_R,back,0.51000
TRP,O,O_2,back,-0.51000
TRP,CB,C_3,side,-0.18000
TRP,HCB,H_,side,0.09000
TRP,HCB,H_,side,0.09000
TRP,CG,C_R,side,-0.03000
TRP,CD1,C_R,side,0.03500
TRP,HCD1,H_,side,0.11500
TRP,CD2,C_R,side,-0.02000
TRP,NE1,N_R,side,-0.61000
TRP,HNE1,H___A,side,0.38000
TRP,CE2,C_R,side,0.13000
TRP,CE3,C_R,side,-0.11500
TRP,HCE3,H_,side,0.11500
TRP,CZ2,C_R,side,-0.11500
TRP,HCZ2,H_,side,0.11500
TRP,CZ3,C_R,side,-0.11500
TRP,HCZ3,H_,side,0.11500
TRP,CH2,C_R,side,-0.11500
TRP,HCH2,H_,side,0.11500
TYR,N,N_R,back,-0.47000
TYR,HN,H___A,back,0.31000
TYR,CA,C_3,back,0.07000
TYR,HCA,H_,back,0.09000
TYR,C,C_R,back,0.51000
TYR,O,O_2,back,-0.51000
TYR,CB,C_3,side,-0.18000
TYR,HCB,H_,side,0.09000
TYR,HCB,H_,side,0.09000
TYR,CG,C_R,side,0.00000
TYR,CD1,C_R,side,-0.11500
TYR,HCD1,H_,side,0.11500
TYR,CD2,C_R,side,-0.11500
TYR,HCD2,H_,side,0.11500
TYR,CE1,C_R,side,-0.11500
TYR,HCE1,H_,side,0.11500
TYR,CE2,C_R,side,-0.11500
TYR,HCE2,H_,side,0.11500
TYR,CZ,C_R,side,0.11000
TYR,OH,O_R,side,-0.54000
TYR,HOH,H___A,side,0.43000
VAL,N,N_R,back,-0.47000
VAL,HN,H___A,back,0.31000
VAL,CA,C_3,back,0.07000
VAL,HCA,H_,back,0.09000
VAL,C,C_R,back,0.51000
VAL,O,O_2,back,-0.51000
VAL,CB,C_3,side,-0.09000
VAL,HCB,H_,side,0.09000
VAL,CG1,C_3,side,-0.27000
VAL,HCG1,H_,side,0.09000
VAL,HCG1,H_,side,0.09000
VAL,HCG1,H_,side,0.09000
VAL,CG2,C_3,side,-0.27000
VAL,HCG2,H_,side,0.09000
VAL,HCG2,H_,side,0.09000
VAL,HCG2,H_,side,0.09000
